-- nauczyciele
INSERT INTO nauczyciele (imie, nazwisko) VALUES ('Estele', 'Scrowton');
INSERT INTO nauczyciele (imie, nazwisko) VALUES ('Bat', 'Panichelli');
INSERT INTO nauczyciele (imie, nazwisko) VALUES ('Octavia', 'Schaumaker');
INSERT INTO nauczyciele (imie, nazwisko) VALUES ('Roi', 'Stracey');
INSERT INTO nauczyciele (imie, nazwisko) VALUES ('Brigida', 'Leckenby');
INSERT INTO nauczyciele (imie, nazwisko) VALUES ('Reggis', 'Bastick');
INSERT INTO nauczyciele (imie, nazwisko) VALUES ('Berny', 'Leaver');

INSERT INTO sale(numer_sali) VALUES('123 A');
INSERT INTO sale(numer_sali) VALUES('122 A');
INSERT INTO sale(numer_sali) VALUES('122 B');
INSERT INTO sale(numer_sali) VALUES('04');
INSERT INTO sale(numer_sali) VALUES('03');
INSERT INTO sale(numer_sali) VALUES('00 Sport');
INSERT INTO sale(numer_sali) VALUES('126 A');

INSERT INTO przedmioty(nazwa_przedmiotu,sala_id) VALUES('Informatyka',1);
INSERT INTO przedmioty(nazwa_przedmiotu,sala_id) VALUES('Matematyka',2);
INSERT INTO przedmioty(nazwa_przedmiotu,sala_id) VALUES('Fizyka',3);
INSERT INTO przedmioty(nazwa_przedmiotu,sala_id) VALUES('Język angielski',4);
INSERT INTO przedmioty(nazwa_przedmiotu,sala_id) VALUES('Geografia',5);
INSERT INTO przedmioty(nazwa_przedmiotu,sala_id) VALUES('Wychowanie fizyczne',6);
INSERT INTO przedmioty(nazwa_przedmiotu,sala_id) VALUES('Język niemiecki',7);

INSERT INTO klasy(rok,wychowawca_id) VALUES(4,1);
INSERT INTO klasy(rok,wychowawca_id) VALUES(5,2);
INSERT INTO klasy(rok,wychowawca_id) VALUES(6,3);
INSERT INTO klasy(rok,wychowawca_id) VALUES(5,4);
INSERT INTO klasy(rok,wychowawca_id) VALUES(6,5);
INSERT INTO klasy(rok,wychowawca_id) VALUES(7,6);
INSERT INTO klasy(rok,wychowawca_id) VALUES(8,7);

INSERT INTO przedmiot_oddzial(klasa_id,nauczyciel_id,przedmiot_id) VALUES(1,1,1);
INSERT INTO przedmiot_oddzial(klasa_id,nauczyciel_id,przedmiot_id) VALUES(1,2,2);
INSERT INTO przedmiot_oddzial(klasa_id,nauczyciel_id,przedmiot_id) VALUES(1,3,3);
INSERT INTO przedmiot_oddzial(klasa_id,nauczyciel_id,przedmiot_id) VALUES(2,1,1);
INSERT INTO przedmiot_oddzial(klasa_id,nauczyciel_id,przedmiot_id) VALUES(2,2,2);
INSERT INTO przedmiot_oddzial(klasa_id,nauczyciel_id,przedmiot_id) VALUES(2,3,3);
INSERT INTO przedmiot_oddzial(klasa_id,nauczyciel_id,przedmiot_id) VALUES(3,4,4);
INSERT INTO przedmiot_oddzial(klasa_id,nauczyciel_id,przedmiot_id) VALUES(3,5,5);
INSERT INTO przedmiot_oddzial(klasa_id,nauczyciel_id,przedmiot_id) VALUES(3,6,6);
INSERT INTO przedmiot_oddzial(klasa_id,nauczyciel_id,przedmiot_id) VALUES(4,1,1);
INSERT INTO przedmiot_oddzial(klasa_id,nauczyciel_id,przedmiot_id) VALUES(4,2,2);
INSERT INTO przedmiot_oddzial(klasa_id,nauczyciel_id,przedmiot_id) VALUES(4,3,3);
INSERT INTO przedmiot_oddzial(klasa_id,nauczyciel_id,przedmiot_id) VALUES(4,4,4);
INSERT INTO przedmiot_oddzial(klasa_id,nauczyciel_id,przedmiot_id) VALUES(4,5,5);
INSERT INTO przedmiot_oddzial(klasa_id,nauczyciel_id,przedmiot_id) VALUES(4,6,6);
INSERT INTO przedmiot_oddzial(klasa_id,nauczyciel_id,przedmiot_id) VALUES(4,7,7);
INSERT INTO przedmiot_oddzial(klasa_id,nauczyciel_id,przedmiot_id) VALUES(5,1,1);
INSERT INTO przedmiot_oddzial(klasa_id,nauczyciel_id,przedmiot_id) VALUES(5,2,2);
INSERT INTO przedmiot_oddzial(klasa_id,nauczyciel_id,przedmiot_id) VALUES(5,3,3);
INSERT INTO przedmiot_oddzial(klasa_id,nauczyciel_id,przedmiot_id) VALUES(6,1,1);
INSERT INTO przedmiot_oddzial(klasa_id,nauczyciel_id,przedmiot_id) VALUES(6,7,7);
INSERT INTO przedmiot_oddzial(klasa_id,nauczyciel_id,przedmiot_id) VALUES(7,1,1);
INSERT INTO przedmiot_oddzial(klasa_id,nauczyciel_id,przedmiot_id) VALUES(7,2,2);
INSERT INTO przedmiot_oddzial(klasa_id,nauczyciel_id,przedmiot_id) VALUES(7,4,4);
INSERT INTO przedmiot_oddzial(klasa_id,nauczyciel_id,przedmiot_id) VALUES(7,5,5);
INSERT INTO przedmiot_oddzial(klasa_id,nauczyciel_id,przedmiot_id) VALUES(7,6,6);
INSERT INTO przedmiot_oddzial(klasa_id,nauczyciel_id,przedmiot_id) VALUES(7,7,7);

INSERT INTO uczniowie (imie, nazwisko, klasa_id) VALUES ('Jenna', 'Halvosen', 6);
INSERT INTO uczniowie (imie, nazwisko, klasa_id) VALUES ('Gabie', 'O''Carran', 5);
INSERT INTO uczniowie (imie, nazwisko, klasa_id) VALUES ('Fawn', 'Spada', 3);
INSERT INTO uczniowie (imie, nazwisko, klasa_id) VALUES ('Karia', 'Bollans', 1);
INSERT INTO uczniowie (imie, nazwisko, klasa_id) VALUES ('Arlene', 'Gallifont', 4);
INSERT INTO uczniowie (imie, nazwisko, klasa_id) VALUES ('Melessa', 'Closs', 1);
INSERT INTO uczniowie (imie, nazwisko, klasa_id) VALUES ('Rosalinda', 'Coleyshaw', 1);
INSERT INTO uczniowie (imie, nazwisko, klasa_id) VALUES ('Sander', 'Spere', 5);
INSERT INTO uczniowie (imie, nazwisko, klasa_id) VALUES ('Ynez', 'Annable', 7);
INSERT INTO uczniowie (imie, nazwisko, klasa_id) VALUES ('Issiah', 'Farraway', 7);
INSERT INTO uczniowie (imie, nazwisko, klasa_id) VALUES ('Lauren', 'Guswell', 7);
INSERT INTO uczniowie (imie, nazwisko, klasa_id) VALUES ('Pandora', 'Waplington', 5);
INSERT INTO uczniowie (imie, nazwisko, klasa_id) VALUES ('Claudelle', 'Eton', 6);
INSERT INTO uczniowie (imie, nazwisko, klasa_id) VALUES ('Humbert', 'Partener', 4);
INSERT INTO uczniowie (imie, nazwisko, klasa_id) VALUES ('Ronna', 'Joontjes', 2);
INSERT INTO uczniowie (imie, nazwisko, klasa_id) VALUES ('Kathye', 'Blackden', 3);
INSERT INTO uczniowie (imie, nazwisko, klasa_id) VALUES ('Micheal', 'Nana', 6);
INSERT INTO uczniowie (imie, nazwisko, klasa_id) VALUES ('Clevie', 'Beavington', 4);
INSERT INTO uczniowie (imie, nazwisko, klasa_id) VALUES ('Melisande', 'Churchill', 1);
INSERT INTO uczniowie (imie, nazwisko, klasa_id) VALUES ('Nicky', 'Benyon', 1);
INSERT INTO uczniowie (imie, nazwisko, klasa_id) VALUES ('Bengt', 'Bogeys', 2);
INSERT INTO uczniowie (imie, nazwisko, klasa_id) VALUES ('Patti', 'Rafter', 3);
INSERT INTO uczniowie (imie, nazwisko, klasa_id) VALUES ('Kial', 'Alam', 4);
INSERT INTO uczniowie (imie, nazwisko, klasa_id) VALUES ('Maxie', 'Benditt', 4);
INSERT INTO uczniowie (imie, nazwisko, klasa_id) VALUES ('Suzanna', 'Jodlowski', 3);
INSERT INTO uczniowie (imie, nazwisko, klasa_id) VALUES ('Edwin', 'Stonhard', 4);
INSERT INTO uczniowie (imie, nazwisko, klasa_id) VALUES ('Davine', 'Morden', 4);
INSERT INTO uczniowie (imie, nazwisko, klasa_id) VALUES ('Giralda', 'Roberson', 5);
INSERT INTO uczniowie (imie, nazwisko, klasa_id) VALUES ('Kathryne', 'Ricart', 7);
INSERT INTO uczniowie (imie, nazwisko, klasa_id) VALUES ('Jacquelin', 'Lighten', 3);
INSERT INTO uczniowie (imie, nazwisko, klasa_id) VALUES ('Siffre', 'Reidshaw', 2);
INSERT INTO uczniowie (imie, nazwisko, klasa_id) VALUES ('Rod', 'MacEnelly', 6);
INSERT INTO uczniowie (imie, nazwisko, klasa_id) VALUES ('Sileas', 'Cheverton', 4);
INSERT INTO uczniowie (imie, nazwisko, klasa_id) VALUES ('Jillian', 'Palleske', 1);
INSERT INTO uczniowie (imie, nazwisko, klasa_id) VALUES ('Micky', 'Greenleaf', 7);
INSERT INTO uczniowie (imie, nazwisko, klasa_id) VALUES ('Andrew', 'Drydale', 4);
INSERT INTO uczniowie (imie, nazwisko, klasa_id) VALUES ('Lorrayne', 'Campa', 5);
INSERT INTO uczniowie (imie, nazwisko, klasa_id) VALUES ('Doug', 'Genicke', 5);
INSERT INTO uczniowie (imie, nazwisko, klasa_id) VALUES ('Tiffani', 'Beedie', 4);
INSERT INTO uczniowie (imie, nazwisko, klasa_id) VALUES ('Eleni', 'Craythorn', 4);
INSERT INTO uczniowie (imie, nazwisko, klasa_id) VALUES ('Clemens', 'Boyland', 2);
INSERT INTO uczniowie (imie, nazwisko, klasa_id) VALUES ('Konstantine', 'Macrae', 2);
INSERT INTO uczniowie (imie, nazwisko, klasa_id) VALUES ('Lyndell', 'Dmitrovic', 6);
INSERT INTO uczniowie (imie, nazwisko, klasa_id) VALUES ('Suzann', 'Coultard', 7);
INSERT INTO uczniowie (imie, nazwisko, klasa_id) VALUES ('Emera', 'Johanssen', 3);
INSERT INTO uczniowie (imie, nazwisko, klasa_id) VALUES ('Baldwin', 'Crab', 6);
INSERT INTO uczniowie (imie, nazwisko, klasa_id) VALUES ('Clyve', 'Adenet', 6);
INSERT INTO uczniowie (imie, nazwisko, klasa_id) VALUES ('Clayton', 'Pandie', 5);

INSERT INTO obecnosci (uczen_id, obecny, data) VALUES (33, '1', '2022-02-18');
INSERT INTO obecnosci (uczen_id, obecny, data) VALUES (8, '0', '2022-03-18');
INSERT INTO obecnosci (uczen_id, obecny, data) VALUES (20, '1', '2022-04-21');
INSERT INTO obecnosci (uczen_id, obecny, data) VALUES (43, '1', '2022-05-06');
INSERT INTO obecnosci (uczen_id, obecny, data) VALUES (44, '0', '2022-04-23');
INSERT INTO obecnosci (uczen_id, obecny, data) VALUES (9, '0', '2022-01-21');
INSERT INTO obecnosci (uczen_id, obecny, data) VALUES (25, '0', '2022-04-11');
INSERT INTO obecnosci (uczen_id, obecny, data) VALUES (2, '1', '2022-03-18');
INSERT INTO obecnosci (uczen_id, obecny, data) VALUES (10, '0', '2022-01-26');
INSERT INTO obecnosci (uczen_id, obecny, data) VALUES (22, '0', '2022-02-16');
INSERT INTO obecnosci (uczen_id, obecny, data) VALUES (46, '0', '2022-01-27');
INSERT INTO obecnosci (uczen_id, obecny, data) VALUES (3, '0', '2022-03-18');
INSERT INTO obecnosci (uczen_id, obecny, data) VALUES (30, '1', '2022-02-10');
INSERT INTO obecnosci (uczen_id, obecny, data) VALUES (31, '0', '2022-02-09');
INSERT INTO obecnosci (uczen_id, obecny, data) VALUES (33, '0', '2022-03-07');
INSERT INTO obecnosci (uczen_id, obecny, data) VALUES (26, '0', '2022-05-03');
INSERT INTO obecnosci (uczen_id, obecny, data) VALUES (41, '0', '2022-02-02');
INSERT INTO obecnosci (uczen_id, obecny, data) VALUES (40, '0', '2022-01-18');
INSERT INTO obecnosci (uczen_id, obecny, data) VALUES (15, '1', '2022-05-08');
INSERT INTO obecnosci (uczen_id, obecny, data) VALUES (29, '0', '2022-05-06');
INSERT INTO obecnosci (uczen_id, obecny, data) VALUES (48, '0', '2022-03-27');
INSERT INTO obecnosci (uczen_id, obecny, data) VALUES (27, '1', '2022-03-03');
INSERT INTO obecnosci (uczen_id, obecny, data) VALUES (32, '1', '2022-02-19');
INSERT INTO obecnosci (uczen_id, obecny, data) VALUES (14, '0', '2022-05-05');
INSERT INTO obecnosci (uczen_id, obecny, data) VALUES (21, '1', '2022-05-06');
INSERT INTO obecnosci (uczen_id, obecny, data) VALUES (3, '1', '2022-04-29');
INSERT INTO obecnosci (uczen_id, obecny, data) VALUES (48, '0', '2022-01-18');
INSERT INTO obecnosci (uczen_id, obecny, data) VALUES (14, '1', '2022-01-22');
INSERT INTO obecnosci (uczen_id, obecny, data) VALUES (39, '1', '2022-01-13');
INSERT INTO obecnosci (uczen_id, obecny, data) VALUES (30, '0', '2022-01-12');
INSERT INTO obecnosci (uczen_id, obecny, data) VALUES (44, '1', '2022-04-16');
INSERT INTO obecnosci (uczen_id, obecny, data) VALUES (1, '0', '2022-01-24');
INSERT INTO obecnosci (uczen_id, obecny, data) VALUES (31, '1', '2022-02-19');
INSERT INTO obecnosci (uczen_id, obecny, data) VALUES (20, '1', '2022-04-18');
INSERT INTO obecnosci (uczen_id, obecny, data) VALUES (29, '1', '2022-04-18');
INSERT INTO obecnosci (uczen_id, obecny, data) VALUES (32, '1', '2022-03-10');
INSERT INTO obecnosci (uczen_id, obecny, data) VALUES (8, '0', '2022-01-11');
INSERT INTO obecnosci (uczen_id, obecny, data) VALUES (42, '0', '2022-01-16');
INSERT INTO obecnosci (uczen_id, obecny, data) VALUES (14, '0', '2022-01-10');
INSERT INTO obecnosci (uczen_id, obecny, data) VALUES (8, '1', '2022-02-25');
INSERT INTO obecnosci (uczen_id, obecny, data) VALUES (15, '0', '2022-04-07');
INSERT INTO obecnosci (uczen_id, obecny, data) VALUES (26, '0', '2022-01-07');
INSERT INTO obecnosci (uczen_id, obecny, data) VALUES (14, '1', '2022-04-08');
INSERT INTO obecnosci (uczen_id, obecny, data) VALUES (7, '1', '2022-02-07');
INSERT INTO obecnosci (uczen_id, obecny, data) VALUES (40, '0', '2022-05-01');
INSERT INTO obecnosci (uczen_id, obecny, data) VALUES (40, '1', '2022-02-27');
INSERT INTO obecnosci (uczen_id, obecny, data) VALUES (13, '1', '2022-04-28');
INSERT INTO obecnosci (uczen_id, obecny, data) VALUES (25, '1', '2022-02-28');
INSERT INTO obecnosci (uczen_id, obecny, data) VALUES (31, '0', '2022-02-18');
INSERT INTO obecnosci (uczen_id, obecny, data) VALUES (38, '1', '2022-05-04');
INSERT INTO obecnosci (uczen_id, obecny, data) VALUES (18, '0', '2022-01-20');
INSERT INTO obecnosci (uczen_id, obecny, data) VALUES (10, '1', '2022-01-22');
INSERT INTO obecnosci (uczen_id, obecny, data) VALUES (31, '0', '2022-01-28');
INSERT INTO obecnosci (uczen_id, obecny, data) VALUES (41, '1', '2022-04-02');
INSERT INTO obecnosci (uczen_id, obecny, data) VALUES (17, '1', '2022-04-26');
INSERT INTO obecnosci (uczen_id, obecny, data) VALUES (26, '1', '2022-04-19');
INSERT INTO obecnosci (uczen_id, obecny, data) VALUES (13, '1', '2022-04-21');
INSERT INTO obecnosci (uczen_id, obecny, data) VALUES (3, '1', '2022-04-26');
INSERT INTO obecnosci (uczen_id, obecny, data) VALUES (30, '0', '2022-04-22');
INSERT INTO obecnosci (uczen_id, obecny, data) VALUES (6, '1', '2022-04-09');
INSERT INTO obecnosci (uczen_id, obecny, data) VALUES (23, '0', '2022-05-02');
INSERT INTO obecnosci (uczen_id, obecny, data) VALUES (48, '1', '2022-03-07');
INSERT INTO obecnosci (uczen_id, obecny, data) VALUES (15, '1', '2022-03-09');
INSERT INTO obecnosci (uczen_id, obecny, data) VALUES (15, '0', '2022-04-25');
INSERT INTO obecnosci (uczen_id, obecny, data) VALUES (42, '0', '2022-03-03');
INSERT INTO obecnosci (uczen_id, obecny, data) VALUES (7, '0', '2022-03-13');
INSERT INTO obecnosci (uczen_id, obecny, data) VALUES (47, '1', '2022-01-30');
INSERT INTO obecnosci (uczen_id, obecny, data) VALUES (24, '1', '2022-03-11');
INSERT INTO obecnosci (uczen_id, obecny, data) VALUES (10, '1', '2022-01-24');
INSERT INTO obecnosci (uczen_id, obecny, data) VALUES (11, '1', '2022-02-16');

INSERT INTO rodzaje_oplat(powod) VALUES('ubezpieczenie spoleczne'),('basen'),('wycieczka'),('kino'),('jezyk wloski');

INSERT INTO oplaty (rodzaj_id, uczen_id, wartosc) VALUES (5, 23, 231.92);
INSERT INTO oplaty (rodzaj_id, uczen_id, wartosc) VALUES (1, 38, 186.4);
INSERT INTO oplaty (rodzaj_id, uczen_id, wartosc) VALUES (4, 39, 186.71);
INSERT INTO oplaty (rodzaj_id, uczen_id, wartosc) VALUES (2, 7, 213.48);
INSERT INTO oplaty (rodzaj_id, uczen_id, wartosc) VALUES (1, 45, 209.98);
INSERT INTO oplaty (rodzaj_id, uczen_id, wartosc) VALUES (1, 9, 127.12);
INSERT INTO oplaty (rodzaj_id, uczen_id, wartosc) VALUES (4, 43, 238.04);
INSERT INTO oplaty (rodzaj_id, uczen_id, wartosc) VALUES (4, 10, 224.2);
INSERT INTO oplaty (rodzaj_id, uczen_id, wartosc) VALUES (3, 21, 232.72);
INSERT INTO oplaty (rodzaj_id, uczen_id, wartosc) VALUES (3, 35, 213.78);
INSERT INTO oplaty (rodzaj_id, uczen_id, wartosc) VALUES (2, 9, 186.32);
INSERT INTO oplaty (rodzaj_id, uczen_id, wartosc) VALUES (5, 24, 135.44);
INSERT INTO oplaty (rodzaj_id, uczen_id, wartosc) VALUES (4, 29, 164.79);
INSERT INTO oplaty (rodzaj_id, uczen_id, wartosc) VALUES (4, 7, 202.48);
INSERT INTO oplaty (rodzaj_id, uczen_id, wartosc) VALUES (1, 37, 160.4);
INSERT INTO oplaty (rodzaj_id, uczen_id, wartosc) VALUES (3, 33, 180.91);
INSERT INTO oplaty (rodzaj_id, uczen_id, wartosc) VALUES (3, 18, 149.01);
INSERT INTO oplaty (rodzaj_id, uczen_id, wartosc) VALUES (1, 2, 126.27);
INSERT INTO oplaty (rodzaj_id, uczen_id, wartosc) VALUES (3, 7, 183.91);
INSERT INTO oplaty (rodzaj_id, uczen_id, wartosc) VALUES (4, 27, 163.82);

INSERT INTO uczen_oceny (uczen_id, przedmiot_oddzial_id, nazwa_pracy) VALUES (4, 10, 'Astragalus chamaeleuce A. Gray var. chamaeleuce');
INSERT INTO uczen_oceny (uczen_id, przedmiot_oddzial_id, nazwa_pracy) VALUES (48, 1, 'Linum sulcatum Riddell var. harperi (Small) C.M. Rogers');
INSERT INTO uczen_oceny (uczen_id, przedmiot_oddzial_id, nazwa_pracy) VALUES (24, 12, 'Funaria groutiana Fife');
INSERT INTO uczen_oceny (uczen_id, przedmiot_oddzial_id, nazwa_pracy) VALUES (27, 14, 'Romanzoffia tracyi Jeps.');
INSERT INTO uczen_oceny (uczen_id, przedmiot_oddzial_id, nazwa_pracy) VALUES (38, 7, 'Camissonia kernensis (Munz) P.H. Raven');
INSERT INTO uczen_oceny (uczen_id, przedmiot_oddzial_id, nazwa_pracy) VALUES (15, 11, 'Thelypteris hispidula (Decne.) C.F. Reed');
INSERT INTO uczen_oceny (uczen_id, przedmiot_oddzial_id, nazwa_pracy) VALUES (16, 13, 'Hasteola suaveolens (L.) Pojark.');
INSERT INTO uczen_oceny (uczen_id, przedmiot_oddzial_id, nazwa_pracy) VALUES (15, 15, 'Campylium cardotii (Thér.) Broth.');
INSERT INTO uczen_oceny (uczen_id, przedmiot_oddzial_id, nazwa_pracy) VALUES (31, 12, 'Castilleja densiflora (Benth.) T.I. Chuang & Heckard ssp. obispoensis (D.D. Keck) T.I. Chuang & Heckard');
INSERT INTO uczen_oceny (uczen_id, przedmiot_oddzial_id, nazwa_pracy) VALUES (6, 9, 'Penstemon debilis O''Kane & J.L. Anderson');
INSERT INTO uczen_oceny (uczen_id, przedmiot_oddzial_id, nazwa_pracy) VALUES (27, 5, 'Festuca groenlandica (Schol.) Fred.');
INSERT INTO uczen_oceny (uczen_id, przedmiot_oddzial_id, nazwa_pracy) VALUES (44, 2, 'Bothriochloa ischaemum (L.) Keng var. ischaemum');
INSERT INTO uczen_oceny (uczen_id, przedmiot_oddzial_id, nazwa_pracy) VALUES (2, 6, 'Peperomia glabella (Sw.) A. Dietr.');
INSERT INTO uczen_oceny (uczen_id, przedmiot_oddzial_id, nazwa_pracy) VALUES (7, 3, 'Mentzelia springeri (Standl.) Tidestr.');
INSERT INTO uczen_oceny (uczen_id, przedmiot_oddzial_id, nazwa_pracy) VALUES (13, 9, 'Peperomia serpens (Sw.) Loudon');
INSERT INTO uczen_oceny (uczen_id, przedmiot_oddzial_id, nazwa_pracy) VALUES (10, 6, 'Conradina A. Gray');
INSERT INTO uczen_oceny (uczen_id, przedmiot_oddzial_id, nazwa_pracy) VALUES (34, 2, 'Achillea sibirica Ledeb.');
INSERT INTO uczen_oceny (uczen_id, przedmiot_oddzial_id, nazwa_pracy) VALUES (14, 8, 'Ivesia rhypara Ertter & Reveal');
INSERT INTO uczen_oceny (uczen_id, przedmiot_oddzial_id, nazwa_pracy) VALUES (33, 8, 'Ipomopsis longiflora (Torr.) V.E. Grant ssp. longiflora');
INSERT INTO uczen_oceny (uczen_id, przedmiot_oddzial_id, nazwa_pracy) VALUES (3, 10, 'Epilobium septentrionale (D.D. Keck) R.N. Bowman & Hoch');

INSERT INTO oceny (ocena, uczen_ocena_id) VALUES (6, 1);
INSERT INTO oceny (ocena, uczen_ocena_id) VALUES (2, 2);
INSERT INTO oceny (ocena, uczen_ocena_id) VALUES (4, 3);
INSERT INTO oceny (ocena, uczen_ocena_id) VALUES (4, 4);
INSERT INTO oceny (ocena, uczen_ocena_id) VALUES (6, 5);
INSERT INTO oceny (ocena, uczen_ocena_id) VALUES (2, 6);
INSERT INTO oceny (ocena, uczen_ocena_id) VALUES (1, 7);
INSERT INTO oceny (ocena, uczen_ocena_id) VALUES (3, 8);
INSERT INTO oceny (ocena, uczen_ocena_id) VALUES (4, 9);
INSERT INTO oceny (ocena, uczen_ocena_id) VALUES (5, 10);
INSERT INTO oceny (ocena, uczen_ocena_id) VALUES (3, 11);
INSERT INTO oceny (ocena, uczen_ocena_id) VALUES (4, 12);
INSERT INTO oceny (ocena, uczen_ocena_id) VALUES (1, 13);
INSERT INTO oceny (ocena, uczen_ocena_id) VALUES (4, 14);
INSERT INTO oceny (ocena, uczen_ocena_id) VALUES (4, 15);
INSERT INTO oceny (ocena, uczen_ocena_id) VALUES (6, 16);
INSERT INTO oceny (ocena, uczen_ocena_id) VALUES (1, 17);
INSERT INTO oceny (ocena, uczen_ocena_id) VALUES (1, 18);
INSERT INTO oceny (ocena, uczen_ocena_id) VALUES (4, 19);
INSERT INTO oceny (ocena, uczen_ocena_id) VALUES (5, 20);

INSERT INTO plan_zajec(przedmiot_oddzial_id) VALUES(1);
INSERT INTO plan_zajec(przedmiot_oddzial_id) VALUES(2);
INSERT INTO plan_zajec(przedmiot_oddzial_id) VALUES(3);
INSERT INTO plan_zajec(przedmiot_oddzial_id) VALUES(4);
INSERT INTO plan_zajec(przedmiot_oddzial_id) VALUES(5);
INSERT INTO plan_zajec(przedmiot_oddzial_id) VALUES(6);
INSERT INTO plan_zajec(przedmiot_oddzial_id) VALUES(7);
INSERT INTO plan_zajec(przedmiot_oddzial_id) VALUES(8);
INSERT INTO plan_zajec(przedmiot_oddzial_id) VALUES(9);
INSERT INTO plan_zajec(przedmiot_oddzial_id) VALUES(10);